locid;denot;municipality;subarea_nr;apprentice;R_00_04m;R_00_04f;R_05_09m;R_05_09f;R_10_14m;R_10_14f;R_15_17m;R_15_17f;R_18_19m;R_18_19f;R_20_24m;R_20_24f;R_25_29m;R_25_29f;R_30_34m;R_30_34f;R_35_39m;R_35_39f;R_40_44m;R_40_44f;R_45_49m;R_45_49f;R_50_54m;R_50_54f;R_55_59m;R_55_59f;R_60_64m;R_60_64f;R_65_69m;R_65_69f;R_70_74m;R_70_74f;R_75_79m;R_75_79f;R_80_84m;R_80_84f;R_85_89m;R_85_89f;R_90_xxm;R_90_xxf;HH_A2_C1;HH_A2_C2;HH_A2_C3;HH_A2_C4;HH_A2_C5;HH_A2_C0;HH_A1_C1;HH_A1_C2;HH_A1_C3;HH_A1_C4;HH_A1_C5;HH_A1_C0;E_Sec01;E_Sec02;E_Sec03;E_Sec04;E_Sec05;E_Sec06;E_Sec07;E_Sec08;E_Sec09;E_Sec10;F_Sec01;F_Sec02;F_Sec03;F_Sec04;F_Sec05;F_Sec06;F_Sec07;F_Sec08;F_Sec09;F_Sec10;FS_Sec01;FS_Sec02;FS_Sec03;FS_Sec04;FS_Sec05;FS_Sec06;FS_Sec07;FS_Sec08;FS_Sec09;FS_Sec10;R_wse_m;R_wse_f;outComm_m;outComm_f;HH_pair;ED_18_xx_02;ED_18_xx_03;ED_18_xx_04;ED_18_xx_05
3001;Herisau;3001;15;3065;437;400;518;413;537;476;317;296;212;198;469;476;504;489;650;611;641;647;603;615;617;567;556;515;465;408;334;369;297;288;220;325;228;344;141;272;100;182;29;116;565;677;244;57;17;410;142;64;24;2;0;90;488;3736;511;591;353;248;674;1344;0;665;122;200;80;117;82;29;160;131;0;84;4;18.7;6.4;5.1;4.3;8.6;4.2;10.3;10;7.9;4831;3616;1665;1670;1838;0.251193;0.456641;0.069724;0.179257
3002;Hundwil;3002;15;188;41;38;51;36;50;37;26;25;18;16;32;25;33;22;33;43;40;36;33;35;37;22;29;34;23;20;29;18;13;19;16;15;17;19;11;16;7;11;3;9;23;43;31;10;6;23;4;2;0;0;0;3;171;59;38;17;85;0;15;24;0;15;75;11;5;5;13;0;5;5;0;3;2.3;5.4;7.6;3.4;6.5;18;3;4.8;10;5;298;203;142;122;88;0.318275;0.476386;0.051335;0.125257
3003;Schönengrund;3003;15;173;12;17;18;22;22;19;11;7;8;5;13;8;12;11;17;17;19;20;16;18;22;10;7;14;18;17;12;8;10;8;4;8;7;9;2;6;2;1;1;1;13;18;10;7;2;15;0;1;0;0;1;4;52;33;2;4;13;0;5;5;0;16;25;9;1;1;6;0;3;3;0;2;2.1;3.7;2;4;2.2;18;1.7;1.7;10;8;140;94;76;63;46;0.242678;0.552301;0.050209;0.138075
3004;Schwellbrunn;3004;15;242;45;53;71;54;63;58;33;34;22;23;45;27;29;37;62;50;53;66;60;62;62;47;53;34;36;32;17;30;23;32;21;22;23;24;12;20;10;11;5;7;43;58;43;14;5;37;5;7;3;2;0;8;195;34;40;14;35;0;18;37;0;6;86;12;8;6;17;0;5;5;0;1;2.3;2.8;5;2.3;2.1;18;3.6;7.4;10;6;430;312;236;210;142;0.255814;0.50342;0.065663;0.162791
3005;Stein (AR);3005;15;230;52;42;39;52;53;48;27;34;18;23;42;25;36;37;57;51;51;50;44;57;48;38;46;49;48;36;24;24;29;36;26;25;20;25;5;12;8;13;1;4;48;75;22;11;4;38;5;2;0;0;0;6;115;113;47;20;34;3;25;17;0;18;51;23;12;5;10;1;12;8;0;4;2.3;4.9;3.9;4;3.4;3;2.1;2.1;10;4.5;404;303;222;203;149;0.201149;0.512931;0.073276;0.196839
3006;Urnäsch;3006;15;373;88;65;88;97;74;83;50;45;33;30;82;61;50;54;67;92;102;83;107;96;96;63;71;70;68;46;33;48;42;49;41;47;47;50;23;39;13;20;8;15;68;81;52;26;8;66;9;8;4;1;0;13;228;258;50;62;64;7;31;258;0;51;104;33;14;13;17;2;16;15;0;6;2.2;7.8;3.6;4.8;3.8;3.5;1.9;17.2;10;8.5;680;473;253;235;236;0.289083;0.428821;0.067249;0.129258
3007;Waldstatt;3007;15;239;61;60;56;56;64;62;33;32;22;22;63;38;50;41;54;67;66;61;60;66;70;54;55;42;62;47;33;42;29;38;40;36;18;30;15;30;7;20;0;8;56;76;42;14;2;56;5;2;4;0;0;12;92;330;33;28;21;4;37;40;0;23;40;21;8;7;11;2;10;8;0;3;2.3;15.7;4.1;4;1.9;2;3.7;5;10;7.7;515;358;304;255;178;0.222732;0.49713;0.055109;0.17566
3021;Bühler;3021;15;255;61;53;44;54;52;46;25;28;16;18;43;54;59;40;57;67;63;55;61;48;47;39;63;66;54;51;41;52;33;35;27;34;14;25;10;28;9;15;6;5;46;61;30;10;4;56;7;5;1;0;0;13;57;499;27;18;20;2;39;55;0;34;26;34;6;6;9;1;13;10;0;6;2.2;14.7;4.5;3;2.2;2;3;5.5;10;5.7;483;369;234;223;210;0.25058;0.475638;0.071926;0.154292
3022;Gais;3022;15;463;76;67;130;90;112;115;68;46;45;30;49;63;54;52;97;90;116;130;117;102;111;104;91;73;80;81;62;61;51;61;45;76;41;49;27;37;13;31;7;20;80;133;66;18;5;63;18;10;4;0;0;15;141;316;42;44;76;4;95;275;0;49;64;39;11;13;20;3;38;29;0;17;2.2;8.1;3.8;3.4;3.8;1.3;2.5;9.5;10;2.9;802;579;361;331;317;0.205489;0.47924;0.078114;0.215341
3023;Speicher;3023;15;543;113;91;152;124;115;128;82;63;55;42;81;83;70;93;129;148;177;169;160;158;139;158;173;142;117;138;112;98;78;87;57;75;45;63;29;44;17;29;5;14;143;168;77;13;2;104;21;20;4;0;0;23;96;308;105;56;69;15;138;162;0;87;39;47;28;14;14;4;66;40;0;17;2.5;6.6;3.8;4;4.9;3.8;2.1;4.1;10;5.1;1152;892;704;649;492;0.162311;0.47547;0.075653;0.259055
3024;Teufen (AR);3024;15;752;148;125;168;161;170;162;99;86;66;58;113;134;151;128;186;178;234;249;212;206;187;194;188;185;182;192;145;157;120;134;105;152;101;139;65;100;32;68;13;42;179;231;86;21;1;152;26;26;6;0;0;38;147;691;178;174;172;38;261;490;0;255;65;78;37;35;27;14;96;68;0;25;2.3;8.9;4.8;5;6.4;2.7;2.7;7.2;10;10.2;1582;1234;837;794;728;0.151311;0.469401;0.084734;0.272024
3025;Trogen;3025;15;902;40;39;72;72;82;72;57;47;38;31;44;36;34;42;61;52;62;81;93;77;74;68;74;54;57;46;38;41;35;32;29;39;17;34;13;32;14;22;5;11;44;81;41;11;1;56;15;8;2;1;0;7;79;78;34;48;39;19;44;253;0;294;39;24;8;12;11;2;18;24;0;19;2;3.3;4.3;4;3.5;9.5;2.4;10.5;10;15.5;534;366;261;225;177;0.160377;0.42348;0.104822;0.246331
3031;Grub (AR);3031;15;132;38;25;47;38;39;46;19;23;13;15;25;19;23;22;28;37;45;51;43;34;31;40;34;36;41;31;24;18;17;32;15;15;13;20;7;8;6;18;0;2;28;51;23;7;2;28;8;5;1;0;0;7;50;75;21;19;13;2;14;52;0;18;21;19;5;6;4;1;7;7;0;3;2.4;3.9;4.2;3.2;3.3;2;2;7.4;10;6;292;228;199;183;109;0.188082;0.513966;0.052142;0.212291
3032;Heiden;3032;15;619;114;100;138;123;149;145;91;73;61;48;88;80;99;104;132;131;157;192;184;180;139;134;137;120;119;124;81;112;94;109;61;78;62;87;30;57;25;55;10;40;144;185;74;17;2;100;44;16;9;0;0;30;95;703;277;165;158;24;111;658;0;125;39;40;31;37;26;6;44;47;0;20;2.4;17.6;8.9;4.5;6.1;4;2.5;14;10;6.3;1154;905;434;445;459;0.241958;0.477389;0.068065;0.178555
3033;Lutzenberg;3033;15;153;31;31;60;34;52;49;34;23;23;16;59;28;34;38;52;56;65;60;68;60;50;48;48;34;16;23;27;26;24;19;20;28;16;21;10;18;5;10;3;4;50;59;24;5;1;25;12;5;0;2;1;6;33;94;20;3;28;0;24;73;0;41;15;19;8;2;5;0;13;18;0;6;2.2;4.9;2.5;1.5;5.6;18;1.8;4.1;10;6.8;402;261;264;206;145;0.182979;0.495035;0.069504;0.22695
3034;Rehetobel;3034;15;171;61;48;57;44;47;62;35;29;24;19;35;29;46;34;55;85;78;74;63;73;65;63;50;57;47;41;37;44;37;47;40;38;21;37;19;42;8;28;5;18;43;71;32;15;1;39;12;6;1;0;0;9;70;181;25;18;28;0;41;171;0;25;29;30;9;7;8;0;16;16;0;5;2.4;6;2.8;2.6;3.5;18;2.6;10.7;10;5;452;356;250;238;220;0.182018;0.445175;0.091009;0.232456
3035;Reute (AR);3035;15;89;16;13;30;26;33;25;13;13;9;8;20;8;18;10;26;26;32;31;32;31;22;22;24;22;19;13;17;18;12;18;15;18;15;20;6;9;4;14;4;4;24;25;18;5;1;17;1;3;2;0;0;3;40;12;14;20;20;0;23;36;0;11;20;9;6;4;7;0;3;9;0;2;2;1.3;2.3;5;2.9;18;7.7;4;10;5.5;208;138;138;110;81;0.22865;0.495868;0.071625;0.179063
3036;Wald (AR);3036;15;117;40;25;44;35;37;29;19;19;13;12;26;20;20;24;28;28;31;31;32;37;29;33;32;30;25;18;19;14;15;14;13;18;11;18;10;12;7;6;1;6;26;39;19;10;3;29;5;6;4;0;0;1;81;120;9;12;17;1;8;20;0;18;34;17;3;2;7;1;5;10;0;4;2.4;7.1;3;6;2.4;1;1.6;2;10;4.5;248;187;134;123;77;0.183721;0.488372;0.111628;0.188372
3037;Walzenhausen;3037;15;324;53;69;83;59;78;79;43;36;28;24;56;40;44;49;80;75;94;109;117;78;80;75;80;75;67;56;52;45;51;50;38;42;35;34;14;37;13;24;4;15;64;87;41;16;4;64;12;5;2;1;1;16;71;312;255;35;87;2;43;284;0;34;37;38;11;8;7;1;18;24;0;11;1.9;8.2;23.2;4.4;12.4;2;2.4;11.8;10;3.1;641;434;307;262;230;0.203231;0.470238;0.066327;0.187075
3038;Wolfhalden;3038;15;252;41;49;63;46;68;42;40;29;27;20;37;33;43;44;65;51;66;80;62;72;73;55;60;48;49;48;45;50;41;35;32;36;29;38;11;19;10;21;3;8;66;65;28;5;3;49;16;10;2;1;0;12;64;386;15;14;40;1;39;34;0;22;29;27;4;6;14;1;14;14;0;7;2.2;14.3;3.8;2.3;2.9;1;2.8;2.4;10;3.1;516;374;315;273;205;0.182217;0.549945;0.060373;0.182217
3101;Appenzell;3101;16;1664;177;137;197;186;183;191;124;104;82;70;155;157;195;188;187;187;221;219;206;202;190;153;167;135;138;132;125;126;107;118;95;144;65;111;61;74;38;54;7;39;170;233;138;32;2;159;33;19;6;1;0;25;246;1109;275;524;273;151;237;382;0;265;109;100;44;83;34;14;56;43;0;40;2.3;11.1;6.3;6.3;8;10.8;4.2;8.9;10;6.6;1648;1194;491;498;527;0.309524;0.444805;0.056999;0.163059
3102;Gonten;3102;16;159;49;36;55;58;73;48;43;26;28;18;35;31;46;34;37;44;60;47;41;37;46;44;45;32;41;26;26;32;24;24;19;21;21;39;19;27;6;22;3;16;36;41;34;25;8;44;6;3;1;0;0;7;236;131;31;36;51;9;9;48;0;10;111;17;6;10;11;3;4;6;0;1;2.1;7.7;5.2;3.6;4.6;3;2.3;8;10;10;414;261;170;142;97;0.396552;0.435737;0.040752;0.112853
3103;Rüte;3103;16;417;126;107;136;128;134;93;58;56;39;38;75;66;107;104;104;113;124;111;99;95;86;77;92;74;71;60;61;61;82;70;56;58;38;45;21;23;7;13;2;5;88;140;87;33;9;105;13;4;3;0;0;17;343;156;78;61;82;4;39;34;0;33;164;32;25;14;15;2;20;10;0;6;2.1;4.9;3.1;4.4;5.5;2;2;3.4;10;5.5;841;608;518;447;223;0.267361;0.49375;0.056944;0.163194
3104;Schlatt-Haslen;3104;16;156;41;38;46;63;59;54;25;34;16;22;45;15;27;23;30;35;56;59;33;34;34;35;36;17;28;18;26;26;33;26;21;22;17;15;7;17;7;4;0;2;22;42;47;24;3;40;4;1;0;0;0;4;276;58;18;1;21;1;15;1;0;12;126;15;9;1;7;1;2;1;0;2;2.2;3.9;2;1;3;1;7.5;1;10;6;340;237;163;143;68;0.4294;0.433269;0.038685;0.075435
3105;Schwende;3105;16;0;83;73;87;75;84;61;44;41;30;27;44;46;58;62;67;72;96;77;62;61;60;57;68;55;47;35;43;41;43;48;42;42;22;25;12;19;6;13;2;5;65;102;53;12;6;62;8;5;1;1;1;15;170;137;43;35;229;15;99;47;0;20;79;16;13;9;22;5;28;3;0;6;2.2;8.6;3.3;3.9;10.4;3;3.5;15.7;10;3.3;567;408;356;305;156;0.3;0.483333;0.05625;0.153125
3111;Oberegg;3111;16;317;52;57;70;63;64;69;42;30;28;20;49;42;36;49;59;66;73;63;82;67;43;61;56;56;64;44;41;40;58;50;31;46;31;28;12;18;10;18;2;6;60;72;40;15;5;60;14;3;3;0;0;8;135;297;17;44;49;6;25;8;0;25;68;31;4;14;17;2;13;4;0;4;2;9.6;4.3;3.1;2.9;3;1.9;2;10;6.3;509;367;274;242;201;0.283648;0.494994;0.053393;0.151279
3201;Häggenschwil;3201;17;230;47;49;52;64;53;52;26;29;18;19;26;22;35;27;57;46;55;62;46;46;31;21;24;28;25;22;19;19;15;16;19;27;18;11;3;6;2;5;0;1;29;56;33;16;6;33;9;3;2;2;0;6;152;38;26;11;24;6;10;12;0;29;57;11;7;4;6;2;3;2;0;2;2.7;3.5;3.7;2.8;4;3;3.3;6;10;14.5;315;228;178;156;76;0.196809;0.5;0.056738;0.234043
3202;Muolen;3202;17;93;47;38;38;41;40;42;25;26;16;17;35;27;34;37;42;30;43;53;45;34;41;30;38;27;26;28;26;18;14;18;16;21;14;14;10;12;6;3;1;1;45;31;19;25;3;33;5;2;0;0;0;6;190;87;51;26;13;4;45;0;0;13;76;21;9;6;4;1;7;0;0;2;2.5;4.1;5.7;4.3;3.3;4;6.4;10;10;6.5;346;237;196;164;114;0.213768;0.512681;0.056159;0.208333
3204;Wittenbach;3204;17;1271;232;230;234;256;305;280;191;151;127;101;242;241;270;290;293;337;325;359;297;298;305;327;277;325;301;301;222;211;187;208;116;166;90;119;43;96;27;58;19;29;307;403;127;28;5;246;80;56;10;0;0;62;136;897;320;259;66;30;248;495;0;206;55;81;56;39;17;8;52;35;0;19;2.5;11.1;5.7;6.6;3.9;3.8;4.8;14.1;10;10.8;2510;2013;1708;1597;1041;0.217978;0.503271;0.069213;0.181895
3211;Berg (SG);3211;17;88;29;25;26;37;35;31;21;19;14;13;17;17;13;15;26;31;39;41;38;36;39;30;30;32;27;25;24;27;21;16;9;11;14;6;5;5;0;2;0;0;32;35;26;5;1;24;5;3;0;0;0;5;69;18;15;7;5;3;13;20;0;16;24;5;4;3;3;1;6;4;0;5;2.9;3.6;3.8;2.3;1.7;3;2.2;5;10;3.2;249;191;172;154;103;0.145877;0.522199;0.084567;0.236786
3212;Eggersriet;3212;17;288;55;41;64;73;83;90;48;55;32;37;59;45;52;45;69;76;71;80;77;81;77;91;98;75;75;79;59;47;40;42;16;24;16;34;15;26;11;19;1;1;70;91;52;11;3;83;12;7;3;1;0;22;108;53;35;20;19;6;34;40;0;51;49;17;10;6;6;1;20;9;0;7;2.2;3.1;3.5;3.3;3.2;6;1.7;4.4;10;7.3;626;479;433;388;215;0.15191;0.497396;0.084201;0.260417
3213;Goldach;3213;17;1251;220;217;251;247;290;284;143;130;96;86;220;225;252;254;323;337;358;377;333;281;271;293;285;273;290;250;220;242;189;211;138;218;125;176;75;110;31;73;13;34;321;394;124;30;4;263;52;39;9;2;0;47;37;1708;386;277;75;39;786;419;0;212;11;76;53;40;25;7;48;48;0;12;3.4;22.5;7.3;6.9;3;5.6;16.4;8.7;10;17.7;2476;1884;1687;1503;1072;0.218797;0.514766;0.058633;0.180427
3214;Mörschwil;3214;17;443;102;97;125;103;123;113;86;56;57;37;84;90;72;77;116;115;139;142;124;131;128;115;118;104;112;96;59;52;51;61;40;43;36;44;18;26;9;9;1;5;100;174;69;24;1;106;12;9;3;0;0;13;130;346;166;47;14;6;104;26;0;81;44;37;22;9;5;2;39;10;0;5;3;9.4;7.5;5.2;2.8;3;2.7;2.6;10;16.2;967;687;669;558;318;0.100588;0.481176;0.077059;0.333529
3215;Rorschach;3215;17;3307;232;201;228;224;261;234;137;161;91;107;330;318;298;278;349;333;350;319;337;289;290;274;281;270;220;242;191;225;163;207;156;240;127;228;85;155;45;117;10;44;281;296;115;36;11;251;109;30;9;1;0;79;41;1407;532;594;327;158;634;692;0;615;4;103;56;120;72;17;97;94;0;40;10.3;13.7;9.5;5;4.5;9.3;6.5;7.4;10;15.4;2491;1873;1293;1191;947;0.312582;0.387154;0.073471;0.143863
3216;Rorschacherberg;3216;17;970;163;166;213;224;217;211;137;118;92;78;163;152;168;185;209;245;243;273;272;256;221;233;245;264;212;177;159;158;116;141;112;143;85;122;43;95;42;80;9;41;241;289;108;23;7;175;61;33;6;2;0;44;62;580;192;52;152;21;85;163;0;185;26;47;20;16;16;6;39;13;0;18;2.4;12.3;9.6;3.3;9.5;3.5;2.2;12.5;10;10.3;1886;1478;1417;1280;748;0.219886;0.494034;0.071307;0.190625
3217;Steinach;3217;17;267;84;83;89;85;71;76;53;47;35;31;71;81;84;95;144;123;148;116;107;92;90;107;117;97;77;89;87;73;65;73;60;55;32;61;14;30;16;32;3;6;108;137;40;6;0;84;24;8;2;1;0;21;84;1283;56;21;40;14;74;60;0;47;25;43;21;6;10;4;23;12;0;7;3.4;29.8;2.7;3.5;4;3.5;3.2;5;10;6.7;900;649;588;503;401;0.215067;0.529162;0.058931;0.167679
3218;Tübach;3218;17;100;36;26;33;26;33;30;19;23;13;16;30;20;27;28;46;37;43;45;38;51;46;41;35;40;43;43;26;31;28;24;15;14;13;14;5;11;2;5;0;1;37;48;18;3;1;33;3;5;1;0;0;4;15;334;98;34;16;4;64;28;0;40;6;28;19;10;3;2;12;5;0;4;2.5;11.9;5.2;3.4;5.3;2;5.3;5.6;10;10;340;275;228;216;140;0.141935;0.569355;0.032258;0.248387
3219;Untereggen;3219;17;117;47;41;43;40;42;31;18;17;12;11;17;18;17;17;41;45;45;44;41;27;21;31;33;26;20;20;21;20;15;11;12;11;9;13;5;6;4;3;1;1;25;51;23;10;2;31;9;4;0;0;0;7;81;95;22;7;9;2;2;2;0;12;36;23;5;2;4;1;2;1;0;3;2.3;4.1;4.4;3.5;2.3;2;1;2;10;4;261;197;172;153;71;0.185501;0.545842;0.053305;0.198294
3231;Au (SG);3231;17;0;185;206;164;195;205;181;128;115;86;77;192;201;238;198;253;237;300;276;264;246;215;203;205;178;193;193;203;195;120;138;89;131;66;112;40;85;29;39;9;19;267;281;98;23;1;219;66;29;5;0;0;57;34;2148;639;421;81;83;420;215;0;359;12;86;70;50;20;12;74;41;0;26;2.8;25;9.1;8.4;4.1;6.9;5.7;5.2;10;13.8;1978;1403;1145;982;713;0.236308;0.495413;0.059216;0.173756
3232;Balgach;3232;17;459;122;121;136;134;128;160;71;73;48;48;112;97;120;128;190;171;192;167;153;146;115;125;122;116;102;99;112;104;80;85;55;81;59;84;31;58;18;44;5;12;135;176;94;14;3;126;23;19;4;0;0;29;75;2261;46;161;78;27;111;157;0;160;27;72;13;17;13;4;29;21;0;11;2.8;31.4;3.5;9.5;6;6.8;3.8;7.5;10;14.5;1173;858;648;577;462;0.194354;0.505784;0.053216;0.217029
3233;Berneck;3233;17;369;82;79;120;113;136;127;85;61;56;40;83;78;94;90;120;132;137;140;122;133;123;120;111;98;92;94;77;88;59;71;39;56;39;48;29;47;11;35;10;14;116;155;65;15;3;98;25;19;5;0;1;29;136;734;294;66;67;66;206;57;0;63;44;62;29;21;12;3;29;11;0;12;3.1;11.8;10.1;3.1;5.6;22;7.1;5.2;10;5.3;962;722;558;503;359;0.187465;0.518351;0.068323;0.206663
3234;Diepoldsau;3234;17;813;177;172;180;190;205;177;112;89;75;60;179;158;170;167;224;220;232;197;183;185;173;170;151;152;147;120;94;106;69;75;61;76;52;81;33;58;13;34;5;12;214;252;115;24;3;197;41;22;3;2;0;26;207;1430;150;120;46;32;156;104;0;143;41;97;39;28;12;5;51;20;0;15;5;14.7;3.8;4.3;3.8;6.4;3.1;5.2;10;9.5;1546;1108;774;689;471;0.226394;0.515242;0.052416;0.159851
3235;Rheineck;3235;17;596;104;82;107;96;105;105;59;58;39;39;94;93;93;103;118;98;132;144;132;121;115;95;90;109;108;102;88;83;64;81;53;71;33;68;27;46;15;35;4;22;107;141;57;15;2;96;24;23;2;0;0;18;13;580;232;299;49;49;138;104;0;88;5;54;32;24;18;5;28;24;0;13;2.6;10.7;7.3;12.5;2.7;9.8;4.9;4.3;10;6.8;937;707;544;493;372;0.282496;0.469671;0.057192;0.138648
3236;St. Margrethen;3236;17;765;146;154;165;147;182;168;118;107;78;71;150;147;182;182;189;191;222;220;203;190;178;166;186;154;172;148;146;147;90;103;77;113;50;117;42;70;26;52;15;21;205;247;91;13;7;150;52;19;4;0;0;56;64;1330;598;581;300;142;110;208;0;213;18;71;87;57;30;15;42;31;0;18;3.6;18.7;6.9;10.2;10;9.5;2.6;6.7;10;11.8;1576;1135;703;643;560;0.294751;0.480014;0.047619;0.118179
3237;Thal;3237;17;979;188;179;227;209;200;222;114;112;76;74;160;146;189;187;242;232;251;261;255;239;219;193;201;191;188;154;154;136;96;138;88;84;52;91;49;78;30;53;10;28;197;299;121;22;6;190;39;33;7;2;0;34;77;1538;467;110;177;14;175;149;0;277;33;97;62;30;31;3;52;23;0;19;2.3;15.9;7.5;3.7;5.7;4.7;3.4;6.5;10;14.6;1825;1318;1072;932;662;0.193803;0.530377;0.05407;0.188943
3238;Widnau;3238;17;1236;253;244;284;260;274;236;146;142;98;94;199;216;270;257;316;310;365;345;294;275;237;225;233;208;251;213;169;167;126;142;93;140;79;112;35;81;17;46;4;14;285;365;156;29;7;223;50;43;11;2;0;65;19;1322;304;360;131;57;270;201;0;169;10;112;56;61;25;6;70;41;0;22;1.9;11.8;5.4;5.9;5.2;9.5;3.9;4.9;10;7.7;2258;1645;1384;1205;797;0.211366;0.517533;0.054414;0.185006
3251;Altstätten;3251;17;2035;273;312;359;352;363;342;213;227;142;151;357;321;349;310;392;389;419;414;362;364;351;333;387;328;298;287;223;235;198;228;148;206;126;209;86;128;41;95;14;49;356;427;186;61;20;323;65;54;10;2;0;87;423;2603;755;451;242;128;311;957;0;304;173;136;85;90;52;16;95;80;0;33;2.4;19.1;8.9;5;4.7;8;3.3;12;10;9.2;3064;2263;1011;1014;1057;0.254733;0.478588;0.061937;0.16247
3252;Eichberg;3252;17;136;37;65;54;61;58;41;24;24;16;16;39;26;32;39;53;51;62;69;59;48;46;39;42;30;34;29;16;26;17;26;13;18;19;16;4;8;3;4;0;2;49;64;35;13;0;43;8;3;2;1;0;7;72;72;27;20;27;2;5;17;0;32;32;19;8;5;6;1;2;5;0;4;2.3;3.8;3.4;4;4.5;2;2.5;3.4;10;8;375;271;255;218;116;0.248889;0.477037;0.057778;0.195556
3253;Marbach (SG);3253;17;340;58;69;80;76;95;73;37;43;25;28;52;45;49;42;61;70;78;88;69;58;62;60;60;46;42;44;36;34;28;32;20;26;20;32;7;13;5;14;0;2;59;93;46;10;6;62;6;6;1;0;0;16;89;214;82;108;32;5;20;37;0;76;24;20;19;13;8;1;6;12;0;5;3.7;10.7;4.3;8.3;4;5;3.3;3.1;10;15.2;505;382;302;274;146;0.211581;0.486637;0.071269;0.195991
3254;Oberriet (SG);3254;17;1329;272;230;275;266;233;254;169;149;112;100;254;212;254;264;323;330;361;294;299;275;247;195;202;205;218;191;176;166;135;140;102;155;77;98;49;71;24;43;10;24;265;369;176;36;14;311;32;18;5;3;0;54;386;1873;338;157;117;49;113;148;0;215;137;113;43;29;24;13;36;32;0;24;2.8;16.6;7.9;5.4;4.9;3.8;3.1;4.6;10;9;2279;1576;1048;919;691;0.248188;0.537616;0.03924;0.135466
3255;Rebstein;3255;17;723;115;116;161;132;168;154;81;79;54;53;123;99;104;140;145;164;184;155;171;159;121;122;118;134;121;120;112;102;69;80;48;87;58;60;24;54;17;31;7;13;141;184;84;23;7;118;36;25;6;0;0;31;40;347;127;168;28;30;69;110;0;88;13;40;19;24;11;3;36;18;0;10;3.1;8.7;6.7;7;2.5;10;1.9;6.1;10;8.8;1167;896;764;691;452;0.230769;0.483648;0.064026;0.175495
3256;Rüthi (SG);3256;17;256;81;53;74;76;73;74;41;41;27;27;64;56;61;47;82;74;96;97;66;75;65;66;64;58;59;39;33;41;40;35;27;32;20;34;14;25;8;19;0;3;59;106;47;7;3;69;15;6;4;2;0;12;70;771;79;21;25;9;16;36;0;40;33;29;17;8;11;2;8;10;0;3;2.1;26.6;4.6;2.6;2.3;4.5;2;3.6;10;13.3;556;398;285;252;183;0.257087;0.54741;0.040078;0.123167
3271;Buchs (SG);3271;17;3818;268;262;334;301;314;301;215;195;144;130;412;317;373;328;418;402;432;461;384;397;319;354;375;337;325;298;231;283;214;241;134;205;110;201;74;138;29;89;16;38;367;435;137;31;9;301;124;58;9;5;0;87;114;1558;945;874;294;225;607;413;0;759;37;102;97;118;36;27;126;85;0;43;3.1;15.3;9.7;7.4;8.2;8.3;4.8;4.9;10;17.7;3089;2270;1422;1314;1124;0.240203;0.470609;0.071204;0.171624
3272;Gams;3272;17;496;105;98;94;116;115;125;76;68;50;46;87;64;94;71;97;104;117;125;119;101;118;112;98;81;62;59;64;57;51;45;34;46;27;56;15;37;10;18;3;2;94;140;74;17;8;93;11;12;5;0;0;15;255;345;103;45;39;10;37;56;0;69;98;45;16;8;6;3;17;13;0;13;2.6;7.7;6.4;5.6;6.5;3.3;2.2;4.3;10;5.3;836;569;459;383;235;0.234777;0.518268;0.052097;0.17659
3273;Grabs;3273;17;985;194;182;218;183;212;231;152;130;102;87;199;152;144;144;263;239;258;278;276;250;237;236;222;218;197;161;135;114;112;125;74;110;80;108;47;89;24;56;18;40;237;270;130;34;9;210;52;26;5;2;1;40;267;1151;97;113;77;47;192;744;0;118;117;67;33;29;17;6;51;31;0;18;2.3;17.2;2.9;3.9;4.5;7.8;3.8;24;10;6.6;1908;1335;965;838;627;0.217675;0.477758;0.06465;0.199881
3274;Sennwald;3274;17;790;150;109;177;129;170;161;102;97;68;64;140;138;139;123;178;162;210;189;185;216;185;153;165;136;130;107;94;83;87;79;59;83;42;53;29;36;19;19;7;11;166;207;91;22;7;138;29;20;4;0;0;30;312;1561;232;464;87;8;83;85;0;217;106;72;37;32;12;2;30;19;0;17;2.9;21.7;6.3;14.5;7.3;4;2.8;4.5;10;12.8;1429;1009;677;600;463;0.257026;0.500204;0.050102;0.158045
3275;Sevelen;3275;17;676;147;117;155;121;153;157;93;106;62;70;155;127;171;134;163;165;185;172;170;175;171;157;156;155;129;98;84;89;66;59;39;61;27;55;17;40;15;23;3;11;186;188;84;18;9;120;34;16;6;2;1;26;149;1090;180;131;41;13;100;71;0;90;55;53;29;16;10;5;28;17;0;10;2.7;20.6;6.2;8.2;4.1;2.6;3.6;4.2;10;9;1340;963;761;663;429;0.241466;0.471134;0.057733;0.178255
3276;Wartau;3276;17;846;167;134;190;146;194;162;97;89;64;60;145;136;136;148;184;175;200;203;187;191;202;151;142;143;151;125;91;109;63;95;72;85;51;75;26;49;14;30;6;16;184;234;96;22;5;140;35;21;5;1;0;40;173;1143;130;106;140;29;83;90;0;147;55;44;37;26;29;5;33;23;0;18;3.1;26;3.5;4.1;4.8;5.8;2.5;3.9;10;8.2;1398;1026;754;676;477;0.226162;0.503546;0.069346;0.163515
3291;Bad Ragaz;3291;17;649;120;103;148;132;160;149;90;100;60;67;152;142;149;148;179;198;204;229;225;204;165;162;178;148;147;167;122;132;103;119;73;93;56;96;37;66;24;47;10;25;188;216;60;16;1;133;27;31;4;0;0;49;99;647;205;245;963;51;103;187;0;99;23;66;43;55;49;9;42;45;0;13;4.3;9.8;4.8;4.5;19.7;5.7;2.5;4.2;10;7.6;1520;1207;605;617;583;0.231048;0.495466;0.063475;0.177729
3292;Flums;3292;17;890;144;143;191;213;205;165;113;109;76;72;161;134;151;138;172;178;206;196;175;176;152;126;167;134;143;128;109;99;87;100;93;99;59;81;48;57;21;37;7;17;158;220;127;34;15;172;22;14;7;0;0;41;372;961;171;161;195;37;106;70;0;141;171;62;36;27;37;6;21;16;0;19;2.2;15.5;4.8;6;5.3;6.2;5;4.4;10;7.4;1387;961;492;459;399;0.322857;0.455102;0.04898;0.119592
3293;Mels;3293;17;1310;266;256;292;259;290;315;176;143;118;95;251;243;262;282;342;301;323;334;291;281;244;212;243;229;231;186;149;185;157;150;92;115;85;123;67;89;37;69;13;41;293;389;185;42;12;261;40;24;7;0;1;56;419;743;176;571;243;49;196;289;0;536;142;89;31;50;31;12;35;39;0;23;3;8.3;5.7;11.4;7.8;4.1;5.6;7.4;10;23.3;2289;1657;1208;1072;707;0.26862;0.504762;0.054457;0.134066
3294;Pfäfers;3294;17;334;57;55;72;75;90;65;35;33;24;22;42;44;48;47;67;68;72;70;87;71;52;45;57;48;37;43;35;36;37;46;32;36;26;22;13;20;5;13;2;5;48;65;55;17;3;55;10;7;2;0;0;12;175;81;19;21;153;1;2;537;0;50;66;25;9;6;17;1;2;9;0;9;2.7;3.2;2.1;3.5;9;1;1;59.7;10;5.6;478;346;155;155;145;0.226501;0.541336;0.055493;0.14949
3295;Quarten;3295;17;421;83;77;97;88;98;100;73;49;48;32;99;72;106;83;94;109;100;102;111;103;100;70;99;99;74;70;49;60;58;60;39;53;32;60;22;39;16;19;1;5;92;122;61;18;1;83;23;8;4;0;0;23;180;202;123;37;187;7;19;42;0;57;70;34;24;14;25;2;7;13;0;11;2.6;5.9;5.1;2.6;7.5;3.5;2.7;3.2;10;5.2;823;554;399;338;245;0.281316;0.502449;0.057383;0.104969
3296;Sargans;3296;17;1766;132;134;122;134;141;142;97;88;65;59;142;145;163;144;176;177;194;202;209;188;160;181;163;161;139;147;116;118;109;113;75;101;65;98;43;47;14;35;5;21;186;195;87;8;3;171;35;15;2;2;0;52;79;1081;390;313;147;57;206;422;0;288;27;56;39;27;20;12;52;41;0;28;2.9;19.3;10;11.6;7.4;4.8;4;10.3;10;10.3;1411;1076;783;722;545;0.22555;0.49166;0.071645;0.164898
3297;Vilters-Wangs;3297;17;0;116;117;149;146;149;145;92;82;61;55;117;104;120;117;165;173;179;165;144;143;152;131;126;140;117;115;83;83;51;67;50;61;29;44;19;33;9;28;5;9;124;212;86;16;2;135;18;18;5;0;1;38;142;444;146;53;91;14;166;79;0;89;60;54;24;11;16;5;16;10;0;10;2.4;8.2;6.1;4.8;5.7;2.8;10.4;7.9;10;8.9;1175;868;728;641;360;0.245704;0.514631;0.051092;0.160706
3298;Walenstadt;3298;17;850;138;116;154;171;162;169;99;85;66;56;122;127;144;130;161;201;197;188;171;165;151;155;147;142;118;138;95;113;78;92;68;103;48;96;32;46;24;46;4;14;177;217;91;21;7;134;24;22;3;2;0;36;150;373;95;163;109;21;92;583;0;188;52;56;27;33;21;3;37;32;0;18;2.9;6.7;3.5;4.9;5.2;7;2.5;18.2;10;10.4;1286;1015;540;542;452;0.227235;0.485927;0.068295;0.18005
3311;Amden;3311;17;215;39;49;65;52;55;47;31;27;21;18;58;36;37;39;57;59;79;68;40;53;53;43;46;44;54;43;24;51;43;59;37;38;21;34;18;20;13;13;2;7;50;63;31;8;1;37;13;5;2;1;0;6;185;37;43;27;84;10;28;79;0;33;70;13;10;9;18;4;13;12;0;5;2.6;2.8;4.3;3;4.7;2.5;2.2;6.6;10;6.6;449;334;209;196;178;0.23641;0.475348;0.073325;0.182048
3312;Benken (SG);3312;17;304;63;81;89;85;100;103;62;51;41;34;66;65;58;55;87;89;99;92;81;97;80;67;80;65;57;38;41;37;31;47;30;38;18;34;13;21;7;13;2;11;93;95;66;14;9;71;18;8;3;0;0;12;250;418;76;32;50;14;14;62;0;50;97;33;17;11;8;3;8;12;0;10;2.6;12.7;4.5;2.9;6.3;4.7;1.8;5.2;10;5;678;479;365;317;184;0.297418;0.480855;0.039181;0.153161
3313;Kaltbrunn;3313;17;855;140;114;159;129;163;172;86;85;58;56;110;103;117;112;159;128;156;179;178;132;112;108;124;93;95;81;65;61;54;64;31;41;39;53;23;50;13;36;4;11;119;186;98;27;11;118;22;16;3;1;0;21;212;588;128;56;53;21;84;56;0;127;87;52;29;18;14;4;29;11;0;9;2.4;11.3;4.4;3.1;3.8;5.3;2.9;5.1;10;14.1;1122;775;614;520;300;0.289847;0.464492;0.060494;0.143083
3314;Rieden;3341;17;82;29;23;25;31;24;20;15;13;10;8;15;19;13;17;30;25;34;30;28;20;19;20;20;14;20;21;31;26;11;20;10;15;13;12;6;12;1;6;1;0;29;32;19;5;0;21;1;2;1;0;0;1;42;27;4;0;4;0;7;32;0;12;19;8;2;0;2;0;5;2;0;3;2.2;3.4;2;6;2;18;1.4;16;10;4;204;141;134;110;84;0.206522;0.491848;0.046196;0.222826
3315;Schänis;3315;17;643;101;91;170;141;154;142;85;84;57;56;111;97;107;94;122;138;148;176;122;134;138;113;103;92;92;88;90;73;62;61;58;60;34;61;22;33;18;23;4;18;117;198;79;28;3;97;22;17;7;0;1;25;295;402;144;130;39;15;24;130;0;63;114;40;20;17;11;5;15;12;0;16;2.6;10.1;7.2;7.6;3.5;3;1.6;10.8;10;3.9;1051;793;589;538;310;0.29415;0.483324;0.051941;0.13778
3316;Weesen;3316;17;246;38;37;46;46;38;45;16;15;10;10;36;34;47;44;45;71;59;58;46;44;53;42;38;55;47;48;33;43;31;39;39;41;24;38;6;18;7;12;2;21;38;60;21;3;2;35;8;5;3;0;0;9;41;103;49;19;64;4;19;99;0;37;19;13;8;7;9;1;8;13;0;9;2.2;7.9;6.1;2.7;7.1;4;2.4;7.6;10;4.1;378;319;221;223;176;0.196636;0.455369;0.072445;0.249677
3331;Ernetschwil;3341;17;178;43;53;69;57;60;45;25;22;17;14;48;30;30;34;47;58;70;71;52;45;45;33;33;34;43;28;20;29;31;22;18;19;14;13;5;3;4;2;0;3;44;64;32;18;2;34;4;7;1;0;0;6;130;53;33;30;47;2;12;5;0;23;50;15;8;10;7;1;8;3;0;4;2.6;3.5;4.1;3;6.7;2;1.5;1.7;10;5.8;392;281;264;224;125;0.244048;0.514881;0.041667;0.172619
3332;Eschenbach (SG);3342;17;1042;180;158;205;196;202;216;128;80;85;53;180;151;150;133;171;213;234;226;237;181;179;166;151;141;138;125;114;101;106;98;64;73;41;68;33;43;22;21;6;14;191;260;127;36;9;161;22;17;3;0;0;37;178;1131;157;108;57;23;148;114;0;215;76;70;37;18;13;6;30;18;0;21;2.3;16.2;4.2;6;4.4;3.8;4.9;6.3;10;10.2;1576;1067;893;738;464;0.242481;0.51015;0.044737;0.165789
3333;Goldingen;3342;17;133;30;33;38;51;39;48;26;18;17;12;44;19;28;25;39;33;44;41;44;37;31;40;46;27;30;19;25;22;19;25;20;12;13;14;9;11;4;6;2;4;31;38;35;10;3;36;9;1;0;0;0;5;191;104;7;5;30;6;15;0;0;24;72;15;3;2;9;1;7;0;0;3;2.7;6.9;2.3;2.5;3.3;6;2.1;10;10;8;355;213;191;144;91;0.318267;0.474576;0.045198;0.135593
3334;Gommiswald;3341;17;521;75;81;120;100;118;86;49;43;33;29;72;75;70;74;106;91;117;130;114;97;87;97;84;64;70;76;54;59;63;70;46;47;30;40;12;32;5;12;2;4;87;112;64;14;12;71;18;14;1;0;0;14;93;334;46;46;50;12;62;59;0;86;38;33;16;10;10;2;28;15;0;8;2.4;10.1;2.9;4.6;5;6;2.2;3.9;10;10.8;754;568;464;416;306;0.221583;0.514388;0.053957;0.179137
3335;Jona;3340;17;2202;451;415;515;503;576;565;291;304;194;203;541;511;565;596;673;630;750;735;654;681;598;632;650;671;569;600;445;439;321;344;235;257;151;255;97;140;30;96;7;57;665;798;227;35;6;542;119;89;15;5;1;166;81;1833;727;744;427;221;1055;732;0;627;31;117;73;116;37;24;163;98;0;38;2.6;15.7;10;6.4;11.5;9.3;6.5;7.5;10;16.6;5250;4121;3337;3088;2152;0.173425;0.478511;0.078168;0.235919
3336;Rapperswil (SG);3340;17;3060;187;172;146;161;152;181;118;109;78;73;325;257;350;306;370;322;311;268;254;240;210;245;220;219;214;215;180;198;147;220;145;225;113;185;68;104;29;52;13;39;262;245;69;11;5;187;63;31;11;1;0;51;79;1808;717;733;421;218;1041;723;0;619;30;115;72;115;37;23;161;96;0;37;2.6;15.7;10;6.4;11.5;9.3;6.5;7.5;10;16.6;2340;1674;1367;1180;968;0.195536;0.428433;0.097768;0.231441
3337;St. Gallenkappel;3342;17;245;61;51;78;65;87;75;37;37;25;25;46;38;50;59;59;67;78;70;72;70;53;50;59;41;45;43;34;26;35;32;15;27;18;18;15;18;12;15;2;11;53;82;54;15;4;47;7;4;2;1;0;7;190;102;31;13;46;10;20;35;0;33;81;23;13;5;10;1;12;6;0;5;2.3;4.4;2.4;2.6;4.6;10;1.7;5.8;10;6.6;506;369;295;260;161;0.257991;0.495434;0.049087;0.156393
3338;Schmerikon;3338;17;442;89;89;95;92;119;91;65;61;43;41;121;119;112;119;123;110;140;121;121;121;109;108;112;114;112;97;78;72;55;57;43;50;26;58;17;28;12;22;2;18;124;149;44;15;5;138;20;11;2;1;1;21;38;440;230;101;83;27;163;56;0;200;17;46;23;20;12;5;29;12;0;12;2.2;9.6;10;5.1;6.9;5.4;5.6;4.7;10;16.7;1017;748;629;551;333;0.266968;0.466063;0.070136;0.153846
3339;Uznach;3339;17;846;193;171;189;202;205;185;113;102;76;68;172;174;156;162;190;204;207;215;206;212;221;176;164;156;138;124;100;115;108;114;87;112;61;98;44;44;19;46;12;28;229;293;95;29;5;153;26;16;3;0;0;38;46;1334;183;367;99;165;441;631;0;159;20;73;34;63;19;8;51;47;0;20;2.3;18.3;5.4;5.8;5.2;20.6;8.6;13.4;10;8;1555;1180;675;649;531;0.253188;0.44663;0.061931;0.164663
3351;Alt St. Johann;3359;17;282;39;32;48;40;56;58;43;40;28;27;59;36;42;41;56;48;43;49;51;46;54;51;38;45;44;29;32;31;34;26;26;37;24;38;16;19;11;9;2;5;41;56;19;16;4;53;9;5;3;2;0;10;172;158;84;41;154;12;10;42;0;27;72;29;17;13;21;4;6;9;0;8;2.4;5.4;4.9;3.2;7.3;3;1.7;4.7;10;3.4;451;315;132;131;132;0.272857;0.482857;0.064286;0.144286
3352;Ebnat-Kappel;3352;17;850;147;127;158;152;175;200;107;121;72;81;156;151;139;133;148;132;164;193;175;175;174;173;156;151;149;151;121;110;103;119;87;134;76;116;62;93;23;68;14;21;148;204;127;27;2;150;38;18;7;1;0;25;222;863;103;117;106;58;135;220;0;115;106;61;21;24;24;7;30;40;0;20;2.1;14.1;4.9;4.9;4.4;8.3;4.5;5.5;10;5.8;1379;1076;537;542;562;0.265248;0.49079;0.068359;0.133852
3354;Krummenau;3360;17;294;45;52;68;60;75;61;76;32;50;22;37;28;34;36;56;46;62;77;71;68;53;44;40;37;41;48;38;49;46;47;34;30;28;29;16;11;5;3;6;3;41;60;38;17;5;37;7;6;1;1;0;7;201;128;69;44;43;10;38;225;0;49;86;26;11;11;8;2;11;13;0;8;2.3;4.9;6.4;4.1;5.1;4.2;3.5;17;10;5.8;479;315;178;158;174;0.314143;0.454318;0.050063;0.141427
3355;Nesslau;3360;17;469;51;64;74;99;89;87;40;41;26;28;51;43;41;42;54;59;75;76;86;69;56;55;56;42;56;58;47;46;29;39;51;52;50;49;22;34;10;37;7;10;47;72;55;23;10;55;8;14;0;0;0;11;208;133;72;46;44;11;39;234;0;50;90;27;11;11;9;3;11;14;0;9;2.3;4.9;6.4;4.1;5.1;4.2;3.5;17;10;5.8;525;386;225;212;197;0.301415;0.449402;0.066376;0.155604
3356;Stein (SG);3360;17;58;15;11;16;19;12;21;8;6;5;4;9;6;15;8;13;16;13;10;12;11;10;15;25;8;14;15;15;7;10;6;3;7;1;10;5;8;1;5;1;2;15;12;10;7;1;11;2;0;0;0;1;2;85;23;4;20;6;0;5;11;0;9;33;7;2;5;2;0;2;3;0;2;2.6;3.3;2;4;3;18;2.5;3.7;10;4.5;119;67;42;33;39;0.318841;0.507246;0.05314;0.120773
3357;Wildhaus;3359;17;130;36;31;37;36;49;40;34;35;23;23;37;31;33;38;41;41;44;44;47;52;42;38;38;42;36;34;30;33;26;39;28;25;20;29;12;10;4;14;4;4;39;53;23;9;2;24;7;4;4;0;0;12;151;111;32;52;223;1;11;45;0;33;58;19;6;13;19;1;5;10;0;6;2.6;5.8;5.3;4;11.7;1;2.2;4.5;10;5.5;368;292;89;105;126;0.252366;0.449527;0.097792;0.18612
3371;Brunnadern;3378;17;167;30;15;46;38;47;53;18;22;12;15;24;29;20;22;31;35;34;38;36;40;21;26;27;24;22;13;16;17;12;10;11;14;17;21;8;18;9;13;6;7;24;36;23;11;4;24;3;3;4;0;0;7;49;55;13;41;17;0;5;69;0;30;24;11;3;5;6;0;2;4;0;4;2;5;4.3;8.2;2.8;18;2.5;17.3;10;7.5;237;203;131;136;74;0.248815;0.49763;0.066351;0.135071
3372;Hemberg;3372;17;168;33;22;53;38;56;45;24;28;16;18;25;17;23;25;23;20;31;37;31;37;36;32;34;21;18;22;16;18;18;18;22;18;19;18;7;11;3;5;2;4;27;28;24;16;5;19;8;5;1;1;0;3;166;47;24;19;31;0;8;31;0;20;73;11;7;6;9;0;6;2;0;2;2.3;4.3;3.4;3.2;3.4;18;1.3;15.5;10;10;246;191;94;96;76;0.273585;0.5;0.066038;0.146226
3373;Krinau;3379;17;50;12;2;7;14;16;12;2;8;2;6;8;8;10;4;6;7;10;14;6;10;12;10;5;7;10;6;7;8;6;6;5;6;8;8;3;4;0;3;0;0;8;6;8;4;1;7;1;1;2;0;0;3;58;4;14;3;6;0;2;4;0;13;24;2;2;2;3;0;1;2;0;2;2.4;2;7;1.5;2;18;2;2;10;6.5;72;65;32;36;32;0.371212;0.356061;0.068182;0.181818
3374;Lichtensteig;3374;17;397;40;37;60;51;56;67;40;35;26;23;60;64;81;63;84;82;90;72;70;73;65;53;60;46;59;49;41;58;43;34;26;46;27;41;15;30;4;13;1;8;81;73;28;5;1;48;15;8;4;0;0;9;17;369;38;65;36;16;50;53;0;65;7;34;12;18;12;5;22;13;0;12;2.4;10.9;3.2;3.6;3;3.2;2.3;4.1;10;5.4;618;436;381;322;214;0.223709;0.48566;0.061185;0.183556
3375;Oberhelfenschwil;3375;17;170;50;55;74;74;66;75;31;28;20;19;42;31;31;32;53;51;50;65;67;56;53;35;35;35;29;24;36;27;24;18;26;30;20;24;16;21;7;15;4;7;33;66;30;18;8;32;5;5;5;2;1;7;112;117;83;22;16;4;16;74;0;25;61;17;8;5;6;1;5;9;0;3;1.8;6.9;10.4;4.4;2.7;4;3.2;8.2;10;8.3;370;250;186;157;136;0.270588;0.436765;0.077941;0.169118
3376;St. Peterzell;3378;17;106;41;38;64;57;58;60;29;29;20;19;36;24;25;22;48;58;49;52;54;54;50;43;41;32;24;24;36;18;15;22;16;24;15;21;7;14;6;6;0;5;33;60;34;19;2;26;13;4;3;0;0;4;123;106;40;11;55;8;18;106;0;34;55;22;12;4;11;2;6;10;0;3;2.2;4.8;3.3;2.8;5;4;3;10.6;10;11.3;354;245;198;167;104;0.230525;0.488076;0.062003;0.176471
3377;Wattwil;3379;17;3457;255;216;302;283;295;296;177;161;118;108;272;265;230;234;274;298;316;321;270;308;272;237;284;257;231;243;175;216;164;211;136;160;126;172;60;131;48;83;12;48;272;365;168;38;15;263;52;30;14;3;0;56;391;1351;221;522;164;63;306;665;0;575;170;100;41;74;34;10;62;69;0;37;2.3;13.5;5.4;7.1;4.8;6.3;4.9;9.6;10;15.5;2320;1821;791;828;859;0.257019;0.445644;0.069354;0.163907
3391;Bütschwil;3395;17;750;110;115;123;134;149;152;97;85;65;57;113;93;103;102;114;118;147;144;125;122;126;81;104;88;73;76;74;77;68;73;58;71;46;70;30;60;18;48;9;32;109;159;91;35;8;115;13;13;5;1;0;24;190;489;169;94;66;39;69;141;0;96;90;52;23;27;19;4;20;16;0;16;2.1;9.4;7.3;3.5;3.5;9.8;3.5;8.8;10;6;1001;697;498;432;307;0.274194;0.473118;0.057348;0.132616
3392;Kirchberg (SG);3392;17;1392;252;260;342;294;344;309;183;166;122;111;231;231;218;221;289;316;353;328;325;306;289;250;231;210;185;166;129;149;133;166;123;143;88;129;54;101;31;64;12;50;286;410;182;60;16;231;50;21;6;5;0;47;506;1835;463;215;127;68;272;318;0;312;199;116;57;38;32;8;41;40;0;34;2.5;15.8;8.1;5.7;4;8.5;6.6;8;10;9.2;2242;1654;916;871;703;0.26053;0.487768;0.060025;0.135435
3393;Lütisburg;3393;17;276;41;52;68;64;100;58;40;29;26;20;40;38;33;36;57;45;64;73;56;62;46;38;41;23;27;32;22;23;25;17;23;23;15;19;7;4;2;2;0;4;42;65;36;14;5;40;11;2;2;1;0;6;151;166;50;26;30;1;15;6;0;28;65;30;13;5;7;1;9;3;0;4;2.3;5.5;3.8;5.2;4.3;1;1.7;2;10;7;401;286;224;195;124;0.247788;0.533923;0.045723;0.146018
3394;Mosnang;3394;17;541;110;102;133;130;147;142;82;73;55;49;68;58;96;76;109;113;115;113;104;108;100;63;84;54;57;63;61;47;56;72;43;46;30;43;21;28;14;16;5;8;84;130;86;49;14;82;10;4;3;4;0;14;475;234;47;49;63;13;26;33;0;88;184;43;14;14;14;4;11;9;0;10;2.6;5.4;3.4;3.5;4.5;3.3;2.4;3.7;10;8.8;832;556;376;321;211;0.267792;0.525312;0.04989;0.132062
3401;Degersheim;3401;17;715;114;104;150;147;172;154;96;90;64;60;95;106;114;113;129;122;153;149;139;162;141;143;142;128;121;88;88;76;72;90;43;60;44;77;44;68;17;40;10;27;118;187;88;29;6;111;23;23;3;3;0;17;157;797;150;123;65;28;54;188;0;89;56;59;18;30;17;5;19;28;0;15;2.8;13.5;8.3;4.1;3.8;5.6;2.8;6.7;10;5.9;1148;857;507;479;378;0.229582;0.464143;0.074203;0.188745
3402;Flawil;3402;17;1696;303;281;337;295;330;321;184;175;122;116;311;269;318;311;371;355;396;392;352;313;312;302;311;299;268;249;202;226;180;182;109;156;113;170;72;135;36;90;17;39;334;447;183;43;8;311;63;37;14;1;1;71;126;1618;338;362;105;76;221;512;0;300;49;109;55;65;28;9;59;62;0;30;2.6;14.8;6.1;5.6;3.8;8.4;3.7;8.3;10;10;2753;2017;1344;1224;961;0.246182;0.461013;0.068127;0.161174
3403;Ganterschwil;3395;17;197;33;31;56;55;63;42;29;29;20;19;36;26;25;27;28;33;57;54;46;40;46;40;27;31;27;18;13;14;14;20;15;22;13;29;9;9;1;10;2;2;35;58;28;12;3;30;7;6;1;0;0;4;100;76;52;12;2;1;8;111;0;14;40;19;7;4;1;1;4;6;0;3;2.5;4;7.4;3;2;1;2;18.5;10;4.7;322;234;182;161;95;0.203422;0.547529;0.053232;0.152091
3405;Jonschwil;3405;17;409;108;111;124;119;136;133;83;77;56;51;89;82;108;90;121;128;147;138;120;146;125;108;104;94;106;81;55;52;42;32;18;25;18;33;11;22;12;17;4;8;111;168;71;27;3;106;28;16;8;0;2;22;124;508;214;82;38;7;39;72;0;111;53;51;27;11;9;3;15;12;0;10;2.3;10;7.9;7.5;4.2;2.3;2.6;6;10;11.1;977;703;639;545;265;0.199652;0.566454;0.052234;0.156703
3406;Mogelsberg;3378;17;638;78;58;98;93;107;115;61;64;41;42;55;62;39;46;56;75;85;89;92;98;82;60;90;71;65;48;33;36;46;32;39;41;35;44;15;25;8;17;8;12;64;82;61;27;13;52;11;10;8;1;0;13;263;282;41;22;118;0;17;88;0;79;119;49;12;11;18;0;11;12;0;10;2.2;5.8;3.4;2;6.6;18;1.5;7.3;10;7.9;627;482;300;287;208;0.277256;0.490602;0.053571;0.149436
3407;Oberuzwil;3407;17;861;186;170;203;171;224;229;115;107;76;72;152;146;135;136;216;205;227;218;215;218;190;189;186;144;181;160;124;126;109;111;83;123;64;87;42;77;30;49;7;18;185;278;110;30;15;161;33;19;3;0;0;36;175;488;117;107;69;27;138;241;0;120;68;57;25;23;18;6;38;34;0;18;2.6;8.6;4.7;4.7;3.8;4.5;3.6;7.1;10;6.7;1578;1142;1065;907;597;0.189481;0.500871;0.068966;0.211425
3408;Uzwil;3408;17;3618;372;356;407;423;426;429;268;232;179;154;404;375;351;353;416;480;486;488;500;445;442;367;374;393;360;313;280;281;209;232;175;209;130;205;90;136;60;106;23;48;407;579;250;63;17;370;64;52;12;1;1;84;130;4434;369;396;175;69;217;571;0;334;51;95;52;54;33;9;51;61;0;32;2.5;46.7;7.1;7.3;5.3;7.7;4.3;9.4;10;10.4;3508;2561;1695;1541;1299;0.243008;0.482067;0.059093;0.174277
3421;Bronschhofen;3427;17;492;146;140;143;143;156;139;82;78;54;52;163;158;162;158;193;191;188;185;167;151;154;151;157;149;127;142;97;92;66;62;53;53;28;47;18;15;12;18;1;6;169;210;75;17;8;141;29;13;4;0;0;50;188;838;219;47;44;5;69;40;0;154;62;50;35;14;11;2;32;17;0;5;3;16.8;6.3;3.4;4;2.5;2.2;2.4;10;30.8;1392;1055;954;846;490;0.195943;0.532657;0.060041;0.180122
3422;Niederbüren;3422;17;205;66;66;80;43;77;64;34;23;23;15;48;29;41;33;62;68;64;59;62;68;55;28;34;28;30;33;22;22;15;21;12;17;18;21;11;5;4;11;0;2;50;65;50;15;7;51;2;2;3;2;0;4;209;408;29;23;22;4;17;29;0;28;79;23;11;4;4;2;7;4;0;4;2.6;17.7;2.6;5.8;5.5;2;2.4;7.3;10;7;443;292;241;197;102;0.215797;0.565585;0.049365;0.155148
3423;Niederhelfenschwil;3423;17;649;112;105;129;129;123;114;58;44;38;29;79;51;65;84;109;113;135;122;109;98;88;62;70;60;62;60;37;40;47;41;36;46;26;30;12;21;4;7;2;2;82;124;92;32;6;93;10;7;1;1;0;5;251;246;36;34;29;12;31;23;0;65;92;53;15;10;5;1;12;11;0;5;2.7;4.6;2.4;3.4;5.8;12;2.6;2.1;10;13;763;525;435;364;225;0.188593;0.559696;0.041825;0.196958
3424;Oberbüren;3424;17;540;158;126;156;163;134;157;97;84;65;56;152;109;123;122;183;199;185;177;137;136;136;131;146;114;103;92;73;75;63;54;28;50;43;57;18;18;4;14;4;4;147;192;100;27;7;125;17;12;3;1;0;21;227;730;246;436;26;15;109;102;0;97;99;82;46;24;10;5;22;16;0;9;2.3;8.9;5.3;18.2;2.6;3;5;6.4;10;10.8;1220;860;750;634;376;0.199437;0.576725;0.048334;0.151572
3425;Wil (SG);3427;17;3602;402;400;442;395;451;425;291;285;194;190;493;537;632;624;684;612;701;632;611;596;534;573;566;521;462;473;404;463;322;432;302;407;219;340;159;276;73;170;25;74;557;619;209;49;10;445;141;69;15;2;1;144;82;1800;1607;1394;548;354;1123;2178;0;597;15;152;112;193;69;28;249;194;0;65;5.5;11.8;14.3;7.2;7.9;12.6;4.5;11.2;10;9.2;4866;3702;2418;2269;1985;0.208957;0.449714;0.069542;0.221391
3426;Zuzwil (SG);3426;17;499;155;138;140;159;151;159;92;66;62;44;96;104;97;100;137;170;190;187;161;183;147;132;151;119;110;107;72;54;44;46;38;37;25;33;14;31;14;19;4;10;140;238;89;18;2;120;31;21;5;0;0;20;90;495;194;79;120;15;201;76;0;63;31;72;38;16;12;6;42;21;0;17;2.9;6.9;5.1;4.9;10;2.5;4.8;3.6;10;3.7;1160;859;751;658;377;0.156427;0.551985;0.057656;0.218336
3441;Andwil (SG);3441;17;0;45;58;69;65;61;54;34;29;22;20;41;39;48;44;59;69;77;83;61;43;39;47;46;48;46;38;30;33;29;40;22;22;26;23;10;18;6;10;0;3;51;74;39;13;3;48;5;8;3;0;0;9;116;469;18;24;15;6;24;11;0;50;40;33;6;7;3;1;8;6;0;4;2.9;14.2;3;3.4;5;6;3;1.8;10;12.5;454;346;297;268;171;0.155556;0.551852;0.071605;0.202469
3442;Gaiserwald;3442;17;1132;211;187;244;239;322;275;187;155;124;104;201;201;205;216;308;263;277;317;323;321;289;303;279;312;243;226;168;176;161;138;81;100;70;111;41;55;17;31;6;8;249;395;141;34;7;265;53;35;9;0;1;53;135;474;248;310;176;33;200;217;0;121;50;82;35;36;17;12;84;37;0;13;2.7;5.8;7.1;8.6;10.4;2.8;2.4;5.9;10;9.3;2282;1755;1594;1428;869;0.156923;0.510059;0.069822;0.240473
3443;Gossau (SG);3443;17;2584;494;452;537;524;512;536;338;328;226;218;552;576;596;580;687;676;686;654;602;565;616;618;603;536;485;501;332;377;288;327;235;314;213;312;139;233;77;168;26;66;623;772;273;64;18;554;108;71;16;2;0;139;342;3949;2201;886;326;264;2245;689;0;444;125;196;107;112;51;16;126;105;0;53;2.7;20.1;20.6;7.9;6.4;16.5;17.8;6.6;10;8.4;5116;3898;2306;2208;1908;0.238095;0.503621;0.052776;0.172372
3444;Waldkirch;3444;17;543;88;104;127;128;116;123;74;67;49;44;88;80;76;78;120;111;153;131;99;96;112;94;103;77;91;78;77;59;49;52;48;50;37;42;24;38;17;21;5;14;97;144;81;32;4;103;14;6;3;2;0;19;432;333;67;47;49;17;300;111;0;71;171;54;22;10;15;3;17;13;0;9;2.5;6.2;3;4.7;3.3;5.7;17.6;8.5;10;7.9;926;618;455;381;260;0.221222;0.531833;0.054019;0.172347
320301;St. Gallen West;3203;17;8327;493;488;550;495;556;531;357;360;237;241;1048;905;970;856;923;857;882;864;754;759;666;686;629;647;605;652;445;567;400;530;346;528;291;528;198;384;115;281;48;152;660;699;241;56;15;465;214;113;25;3;0;182;92;3135;1952;1608;679;1829;3308;3043;0;2258;23;206;151;221;98;49;364;250;0;127;4;15.2;13;7.3;6.9;37.1;9.1;12.2;10;17.7;6404;4811;1210;1470;2539;0.216715;0.396956;0.102194;0.242986
320302;St. Gallen Centrum;3203;17;9058;537;530;598;538;605;577;388;392;258;261;1140;984;1055;931;1004;932;960;940;820;825;724;746;684;704;658;709;484;617;435;577;377;574;316;574;215;418;126;305;52;165;718;760;262;61;17;506;233;123;27;3;0;198;100;3410;2123;1750;739;1989;3599;3309;0;2456;25;224;164;240;107;54;396;272;0;139;4;15.2;13;7.3;6.9;37.1;9.1;12.2;10;17.7;6967;5232;1316;1600;2762;0.216681;0.396936;0.102243;0.243024
320303;St. Gallen Ost;3203;17;10329;612;605;682;614;690;658;442;447;295;298;1300;1122;1203;1061;1145;1063;1094;1072;935;941;826;851;780;803;750;809;552;703;496;657;429;655;360;655;245;477;143;348;59;188;819;867;299;70;19;577;265;140;31;3;0;226;114;3889;2421;1995;842;2269;4104;3774;0;2801;28;255;187;274;122;61;451;310;0;158;4;15.2;13;7.3;6.9;37.1;9.1;12.2;10;17.7;7944;5968;1501;1824;3150;0.216685;0.39697;0.102207;0.243008
